time,device,operation,ts,tr_data_tag
0,1,SEND,128,1
50,2,SEND,128,2
100,3,SEND,128,3
150,1,SEND,1024,4
200,2,REQUEST,128,1
210,1,REQUEST,128,2
300,3,SEND,1024,5
400,3,SEND,1024,6
500,3,SEND,512,7
1000,1,REQUEST,128,3
1100,2,REQUEST,128,3
2000,3,SEND,1024,8
3000,3,SEND,1024,9
4000,3,SEND,1024,10
5000,3,SEND,1024,11
6000,3,SEND,1024,12
7000,3,SEND,1024,13
8000,3,SEND,1024,14
9000,3,SEND,1024,15
10000,3,SEND,1024,16
11000,3,SEND,1024,17
11500,2,REQUEST,1024,12
12000,1,REQUEST,1024,10
12100,3,REQUEST,512,7
